algorithm,time,n
bubble_sort, 1.956e-06, 10
selection_sort, 2.375e-06, 10
insertion_sort, 2.444e-06, 10
shell_sort, 1.956e-06, 10
quick_sort, 1.886e-06, 10
merge_sort, 2.374e-06, 10
bubble_sort, 2.445e-06, 10
selection_sort, 1.886e-06, 10
insertion_sort, 1.816e-06, 10
shell_sort, 2.375e-06, 10
quick_sort, 1.956e-06, 10
merge_sort, 2.374e-06, 10
bubble_sort, 1.956e-06, 10
selection_sort, 2.375e-06, 10
insertion_sort, 1.467e-06, 10
shell_sort, 1.886e-06, 10
quick_sort, 1.886e-06, 10
merge_sort, 2.305e-06, 10
bubble_sort, 3.911e-06, 20
selection_sort, 3.283e-06, 20
insertion_sort, 2.375e-06, 20
shell_sort, 2.864e-06, 20
quick_sort, 2.933e-06, 20
merge_sort, 3.283e-06, 20
bubble_sort, 3.772e-06, 20
selection_sort, 3.353e-06, 20
insertion_sort, 2.375e-06, 20
shell_sort, 2.794e-06, 20
quick_sort, 2.864e-06, 20
merge_sort, 3.282e-06, 20
bubble_sort, 3.772e-06, 20
selection_sort, 3.283e-06, 20
insertion_sort, 2.374e-06, 20
shell_sort, 3.353e-06, 20
quick_sort, 2.933e-06, 20
merge_sort, 3.283e-06, 20
bubble_sort, 7.194e-06, 30
selection_sort, 4.819e-06, 30
insertion_sort, 3.353e-06, 30
shell_sort, 3.283e-06, 30
quick_sort, 3.423e-06, 30
merge_sort, 4.749e-06, 30
bubble_sort, 6.636e-06, 30
selection_sort, 5.309e-06, 30
insertion_sort, 3.772e-06, 30
shell_sort, 3.772e-06, 30
quick_sort, 3.422e-06, 30
merge_sort, 4.75e-06, 30
bubble_sort, 6.705e-06, 30
selection_sort, 4.819e-06, 30
insertion_sort, 3.283e-06, 30
shell_sort, 3.772e-06, 30
quick_sort, 3.353e-06, 30
merge_sort, 4.749e-06, 30
bubble_sort, 1.0827e-05, 40
selection_sort, 7.194e-06, 40
insertion_sort, 5.169e-06, 40
shell_sort, 4.68e-06, 40
quick_sort, 4.331e-06, 40
merge_sort, 6.287e-06, 40
bubble_sort, 1.0477e-05, 40
selection_sort, 7.124e-06, 40
insertion_sort, 4.68e-06, 40
shell_sort, 5.797e-06, 40
quick_sort, 4.75e-06, 40
merge_sort, 6.147e-06, 40
bubble_sort, 1.0128e-05, 40
selection_sort, 6.705e-06, 40
insertion_sort, 4.331e-06, 40
shell_sort, 5.239e-06, 40
quick_sort, 4.331e-06, 40
merge_sort, 5.728e-06, 40
bubble_sort, 1.7043e-05, 50
selection_sort, 9.639e-06, 50
insertion_sort, 7.055e-06, 50
shell_sort, 6.217e-06, 50
quick_sort, 5.169e-06, 50
merge_sort, 7.544e-06, 50
bubble_sort, 1.6345e-05, 50
selection_sort, 9.5e-06, 50
insertion_sort, 6.287e-06, 50
shell_sort, 6.566e-06, 50
quick_sort, 4.82e-06, 50
merge_sort, 7.614e-06, 50
bubble_sort, 1.6275e-05, 50
selection_sort, 9.989e-06, 50
insertion_sort, 6.217e-06, 50
shell_sort, 6.636e-06, 50
quick_sort, 4.82e-06, 50
merge_sort, 7.265e-06, 50
bubble_sort, 1.9977e-05, 60
selection_sort, 1.2293e-05, 60
insertion_sort, 7.265e-06, 60
shell_sort, 6.706e-06, 60
quick_sort, 6.496e-06, 60
merge_sort, 9.081e-06, 60
bubble_sort, 2.2352e-05, 60
selection_sort, 1.2852e-05, 60
insertion_sort, 9.15e-06, 60
shell_sort, 7.124e-06, 60
quick_sort, 6.566e-06, 60
merge_sort, 8.661e-06, 60
bubble_sort, 2.2002e-05, 60
selection_sort, 1.2782e-05, 60
insertion_sort, 8.731e-06, 60
shell_sort, 7.055e-06, 60
quick_sort, 6.705e-06, 60
merge_sort, 8.172e-06, 60
bubble_sort, 2.8149e-05, 70
selection_sort, 1.5786e-05, 70
insertion_sort, 1.0757e-05, 70
shell_sort, 9.569e-06, 70
quick_sort, 7.124e-06, 70
merge_sort, 1.0547e-05, 70
bubble_sort, 2.6193e-05, 70
selection_sort, 1.5646e-05, 70
insertion_sort, 9.639e-06, 70
shell_sort, 9.08e-06, 70
quick_sort, 6.776e-06, 70
merge_sort, 1.0408e-05, 70
bubble_sort, 2.6682e-05, 70
selection_sort, 1.5856e-05, 70
insertion_sort, 9.849e-06, 70
shell_sort, 9.15e-06, 70
quick_sort, 6.985e-06, 70
merge_sort, 1.0477e-05, 70
bubble_sort, 3.4366e-05, 80
selection_sort, 1.9627e-05, 80
insertion_sort, 1.1875e-05, 80
shell_sort, 1.0198e-05, 80
quick_sort, 7.614e-06, 80
merge_sort, 1.1595e-05, 80
bubble_sort, 3.5205e-05, 80
selection_sort, 1.9698e-05, 80
insertion_sort, 1.2293e-05, 80
shell_sort, 1.1036e-05, 80
quick_sort, 7.963e-06, 80
merge_sort, 1.1525e-05, 80
bubble_sort, 3.3877e-05, 80
selection_sort, 2.0116e-05, 80
insertion_sort, 1.1385e-05, 80
shell_sort, 1.0966e-05, 80
quick_sort, 8.103e-06, 80
merge_sort, 1.1037e-05, 80
bubble_sort, 4.2958e-05, 90
selection_sort, 2.4657e-05, 90
insertion_sort, 1.5996e-05, 90
shell_sort, 1.1944e-05, 90
quick_sort, 8.522e-06, 90
merge_sort, 1.3341e-05, 90
bubble_sort, 4.2608e-05, 90
selection_sort, 2.3819e-05, 90
insertion_sort, 1.4669e-05, 90
shell_sort, 1.1595e-05, 90
quick_sort, 8.452e-06, 90
merge_sort, 1.2992e-05, 90
bubble_sort, 4.184e-05, 90
selection_sort, 2.4587e-05, 90
insertion_sort, 1.4389e-05, 90
shell_sort, 1.1735e-05, 90
quick_sort, 9.15e-06, 90
merge_sort, 1.2782e-05, 90
bubble_sort, 5.0432e-05, 100
selection_sort, 2.808e-05, 100
insertion_sort, 1.6625e-05, 100
shell_sort, 1.3551e-05, 100
quick_sort, 9.779e-06, 100
merge_sort, 1.432e-05, 100
bubble_sort, 5.0432e-05, 100
selection_sort, 2.8569e-05, 100
insertion_sort, 1.7044e-05, 100
shell_sort, 1.3412e-05, 100
quick_sort, 9.5e-06, 100
merge_sort, 1.425e-05, 100
bubble_sort, 5.113e-05, 100
selection_sort, 2.8499e-05, 100
insertion_sort, 1.7113e-05, 100
shell_sort, 1.3342e-05, 100
quick_sort, 1.0128e-05, 100
merge_sort, 1.4669e-05, 100
bubble_sort, 0.000200678, 200
selection_sort, 0.000100095, 200
insertion_sort, 6.4891e-05, 200
shell_sort, 4.2818e-05, 200
quick_sort, 2.0466e-05, 200
merge_sort, 3.0454e-05, 200
bubble_sort, 0.000201655, 200
selection_sort, 9.9047e-05, 200
insertion_sort, 6.4331e-05, 200
shell_sort, 3.1362e-05, 200
quick_sort, 2.0535e-05, 200
merge_sort, 3.0315e-05, 200
bubble_sort, 0.000199979, 200
selection_sort, 9.8557e-05, 200
insertion_sort, 6.2516e-05, 200
shell_sort, 3.1363e-05, 200
quick_sort, 1.9698e-05, 200
merge_sort, 3.0594e-05, 200
bubble_sort, 0.000435093, 300
selection_sort, 0.000214858, 300
insertion_sort, 0.000139838, 300
shell_sort, 4.7428e-05, 300
quick_sort, 3.0524e-05, 300
merge_sort, 4.8686e-05, 300
bubble_sort, 0.000446618, 300
selection_sort, 0.000216603, 300
insertion_sort, 0.000146894, 300
shell_sort, 4.645e-05, 300
quick_sort, 3.1502e-05, 300
merge_sort, 4.8057e-05, 300
bubble_sort, 0.000435023, 300
selection_sort, 0.000215975, 300
insertion_sort, 0.000139838, 300
shell_sort, 4.7218e-05, 300
quick_sort, 3.0943e-05, 300
merge_sort, 4.6171e-05, 300
bubble_sort, 0.000768834, 400
selection_sort, 0.000367758, 400
insertion_sort, 0.000235672, 400
shell_sort, 6.8173e-05, 400
quick_sort, 4.5751e-05, 400
merge_sort, 6.6217e-05, 400
bubble_sort, 0.000769323, 400
selection_sort, 0.00037118, 400
insertion_sort, 0.0002414, 400
shell_sort, 6.8732e-05, 400
quick_sort, 4.2818e-05, 400
merge_sort, 6.5239e-05, 400
bubble_sort, 0.000752978, 400
selection_sort, 0.000377746, 400
insertion_sort, 0.00021346, 400
shell_sort, 6.056e-05, 400
quick_sort, 3.7649e-05, 400
merge_sort, 5.6788e-05, 400
bubble_sort, 0.00105235, 500
selection_sort, 0.000498446, 500
insertion_sort, 0.000302798, 500
shell_sort, 6.8872e-05, 500
quick_sort, 4.5892e-05, 500
merge_sort, 6.4821e-05, 500
bubble_sort, 0.000871583, 500
selection_sort, 0.000425034, 500
insertion_sort, 0.000243915, 500
shell_sort, 6.0629e-05, 500
quick_sort, 4.3865e-05, 500
merge_sort, 5.9023e-05, 500
bubble_sort, 0.000850139, 500
selection_sort, 0.000392066, 500
insertion_sort, 0.000246569, 500
shell_sort, 5.7766e-05, 500
quick_sort, 3.8277e-05, 500
merge_sort, 5.4762e-05, 500
bubble_sort, 0.00116565, 600
selection_sort, 0.000528622, 600
insertion_sort, 0.000386617, 600
shell_sort, 7.1665e-05, 600
quick_sort, 4.5123e-05, 600
merge_sort, 6.8383e-05, 600
bubble_sort, 0.00112388, 600
selection_sort, 0.000530298, 600
insertion_sort, 0.000343381, 600
shell_sort, 7.3062e-05, 600
quick_sort, 4.4703e-05, 600
merge_sort, 6.8243e-05, 600
bubble_sort, 0.00113673, 600
selection_sort, 0.00053875, 600
insertion_sort, 0.000358608, 600
shell_sort, 7.2923e-05, 600
quick_sort, 4.3935e-05, 600
merge_sort, 6.8033e-05, 600
bubble_sort, 0.00155401, 700
selection_sort, 0.000714841, 700
insertion_sort, 0.000480984, 700
shell_sort, 8.5566e-05, 700
quick_sort, 5.4692e-05, 700
merge_sort, 8.1654e-05, 700
bubble_sort, 0.00158181, 700
selection_sort, 0.000714492, 700
insertion_sort, 0.000473441, 700
shell_sort, 8.4937e-05, 700
quick_sort, 5.3504e-05, 700
merge_sort, 8.0816e-05, 700
bubble_sort, 0.00157469, 700
selection_sort, 0.000711906, 700
insertion_sort, 0.000486502, 700
shell_sort, 8.6683e-05, 700
quick_sort, 5.6229e-05, 700
merge_sort, 8.0187e-05, 700
bubble_sort, 0.00205029, 800
selection_sort, 0.000930117, 800
insertion_sort, 0.000616213, 800
shell_sort, 0.000109385, 800
quick_sort, 6.2515e-05, 800
merge_sort, 9.269e-05, 800
bubble_sort, 0.00205763, 800
selection_sort, 0.000936543, 800
insertion_sort, 0.00063584, 800
shell_sort, 0.000110083, 800
quick_sort, 6.1956e-05, 800
merge_sort, 9.3179e-05, 800
bubble_sort, 0.00206412, 800
selection_sort, 0.000943947, 800
insertion_sort, 0.000641358, 800
shell_sort, 0.000109035, 800
quick_sort, 6.482e-05, 800
merge_sort, 9.3738e-05, 800
bubble_sort, 0.00258087, 900
selection_sort, 0.00116509, 900
insertion_sort, 0.000773654, 900
shell_sort, 0.000130199, 900
quick_sort, 7.0967e-05, 900
merge_sort, 0.000110432, 900
bubble_sort, 0.00258786, 900
selection_sort, 0.00116907, 900
insertion_sort, 0.000758426, 900
shell_sort, 0.000121329, 900
quick_sort, 7.2923e-05, 900
merge_sort, 0.000110223, 900
bubble_sort, 0.00262397, 900
selection_sort, 0.00117396, 900
insertion_sort, 0.000816262, 900
shell_sort, 0.000125031, 900
quick_sort, 6.7964e-05, 900
merge_sort, 0.000110781, 900
bubble_sort, 0.00321287, 1000
selection_sort, 0.00144575, 1000
insertion_sort, 0.000962667, 1000
shell_sort, 0.000136067, 1000
quick_sort, 8.4798e-05, 1000
merge_sort, 0.000141236, 1000
bubble_sort, 0.00324521, 1000
selection_sort, 0.00143562, 1000
insertion_sort, 0.000986695, 1000
shell_sort, 0.000133413, 1000
quick_sort, 8.2632e-05, 1000
merge_sort, 0.000140956, 1000
bubble_sort, 0.00327755, 1000
selection_sort, 0.00144463, 1000
insertion_sort, 0.000984948, 1000
shell_sort, 0.000138791, 1000
quick_sort, 8.1445e-05, 1000
merge_sort, 0.000140468, 1000
bubble_sort, 0.0135191, 2000
selection_sort, 0.00563169, 2000
insertion_sort, 0.00392764, 2000
shell_sort, 0.00030657, 2000
quick_sort, 0.000190549, 2000
merge_sort, 0.000268921, 2000
bubble_sort, 0.0132338, 2000
selection_sort, 0.0056356, 2000
insertion_sort, 0.00376887, 2000
shell_sort, 0.000309224, 2000
quick_sort, 0.000173786, 2000
merge_sort, 0.000260469, 2000
bubble_sort, 0.0133181, 2000
selection_sort, 0.00564217, 2000
insertion_sort, 0.00372773, 2000
shell_sort, 0.000309434, 2000
quick_sort, 0.000181748, 2000
merge_sort, 0.000259561, 2000
bubble_sort, 0.0308712, 3000
selection_sort, 0.0125888, 3000
insertion_sort, 0.00876067, 3000
shell_sort, 0.000483708, 3000
quick_sort, 0.000280935, 3000
merge_sort, 0.000413299, 3000
bubble_sort, 0.0310282, 3000
selection_sort, 0.0125801, 3000
insertion_sort, 0.00872232, 3000
shell_sort, 0.000489924, 3000
quick_sort, 0.000295883, 3000
merge_sort, 0.000406175, 3000
bubble_sort, 0.0312263, 3000
selection_sort, 0.0125938, 3000
insertion_sort, 0.00885741, 3000
shell_sort, 0.000490693, 3000
quick_sort, 0.000285265, 3000
merge_sort, 0.000406874, 3000
bubble_sort, 0.0561721, 4000
selection_sort, 0.0223034, 4000
insertion_sort, 0.0154341, 4000
shell_sort, 0.000680679, 4000
quick_sort, 0.000386964, 4000
merge_sort, 0.000582472, 4000
bubble_sort, 0.0557387, 4000
selection_sort, 0.0222773, 4000
insertion_sort, 0.0152786, 4000
shell_sort, 0.000704497, 4000
quick_sort, 0.000389408, 4000
merge_sort, 0.000556627, 4000
bubble_sort, 0.055878, 4000
selection_sort, 0.0222913, 4000
insertion_sort, 0.0155245, 4000
shell_sort, 0.000686058, 4000
quick_sort, 0.000401912, 4000
merge_sort, 0.000560398, 4000
bubble_sort, 0.0881162, 5000
selection_sort, 0.0347215, 5000
insertion_sort, 0.0237835, 5000
shell_sort, 0.000899935, 5000
quick_sort, 0.000503332, 5000
merge_sort, 0.000717768, 5000
bubble_sort, 0.0883186, 5000
selection_sort, 0.0347805, 5000
insertion_sort, 0.0240149, 5000
shell_sort, 0.0008977, 5000
quick_sort, 0.000487546, 5000
merge_sort, 0.000713159, 5000
bubble_sort, 0.0883682, 5000
selection_sort, 0.0347449, 5000
insertion_sort, 0.0240158, 5000
shell_sort, 0.000915162, 5000
quick_sort, 0.000496906, 5000
merge_sort, 0.000726849, 5000
bubble_sort, 0.128267, 6000
selection_sort, 0.0499516, 6000
insertion_sort, 0.0354045, 6000
shell_sort, 0.00111835, 6000
quick_sort, 0.000589106, 6000
merge_sort, 0.000885616, 6000
bubble_sort, 0.128133, 6000
selection_sort, 0.0499703, 6000
insertion_sort, 0.0347769, 6000
shell_sort, 0.00110619, 6000
quick_sort, 0.000606635, 6000
merge_sort, 0.000883305, 6000
bubble_sort, 0.128306, 6000
selection_sort, 0.049925, 6000
insertion_sort, 0.0350681, 6000
shell_sort, 0.00109753, 6000
quick_sort, 0.000620534, 6000
merge_sort, 0.000886727, 6000
bubble_sort, 0.175462, 7000
selection_sort, 0.0679293, 7000
insertion_sort, 0.0474199, 7000
shell_sort, 0.00130896, 7000
quick_sort, 0.000706937, 7000
merge_sort, 0.00103977, 7000
bubble_sort, 0.175666, 7000
selection_sort, 0.0682936, 7000
insertion_sort, 0.0471372, 7000
shell_sort, 0.00128019, 7000
quick_sort, 0.000729498, 7000
merge_sort, 0.00105031, 7000
bubble_sort, 0.176084, 7000
selection_sort, 0.0679131, 7000
insertion_sort, 0.0477982, 7000
shell_sort, 0.00128011, 7000
quick_sort, 0.000732218, 7000
merge_sort, 0.00103669, 7000
bubble_sort, 0.231413, 8000
selection_sort, 0.0895639, 8000
insertion_sort, 0.0652932, 8000
shell_sort, 0.00162767, 8000
quick_sort, 0.000911448, 8000
merge_sort, 0.00122409, 8000
bubble_sort, 0.23123, 8000
selection_sort, 0.089015, 8000
insertion_sort, 0.0615789, 8000
shell_sort, 0.00162292, 8000
quick_sort, 0.000833986, 8000
merge_sort, 0.00120635, 8000
bubble_sort, 0.228918, 8000
selection_sort, 0.0887718, 8000
insertion_sort, 0.0607826, 8000
shell_sort, 0.00158778, 8000
quick_sort, 0.000860174, 8000
merge_sort, 0.00120543, 8000
bubble_sort, 0.291007, 9000
selection_sort, 0.112249, 9000
insertion_sort, 0.0775936, 9000
shell_sort, 0.00177602, 9000
quick_sort, 0.000942944, 9000
merge_sort, 0.00139297, 9000
bubble_sort, 0.294391, 9000
selection_sort, 0.114379, 9000
insertion_sort, 0.0796594, 9000
shell_sort, 0.00174835, 9000
quick_sort, 0.000949574, 9000
merge_sort, 0.00139101, 9000
bubble_sort, 0.293711, 9000
selection_sort, 0.112131, 9000
insertion_sort, 0.0780627, 9000
shell_sort, 0.00175114, 9000
quick_sort, 0.000944545, 9000
merge_sort, 0.0013975, 9000
bubble_sort, 0.363269, 10000
selection_sort, 0.138754, 10000
insertion_sort, 0.0969022, 10000
shell_sort, 0.00206412, 10000
quick_sort, 0.00105238, 10000
merge_sort, 0.00161982, 10000
bubble_sort, 0.363361, 10000
selection_sort, 0.139188, 10000
insertion_sort, 0.096656, 10000
shell_sort, 0.00202108, 10000
quick_sort, 0.00109785, 10000
merge_sort, 0.00161883, 10000
bubble_sort, 0.363517, 10000
selection_sort, 0.138405, 10000
insertion_sort, 0.0968348, 10000
shell_sort, 0.00204678, 10000
quick_sort, 0.00108751, 10000
merge_sort, 0.00160095, 10000
bubble_sort, 1.47049, 20000
selection_sort, 0.552717, 20000
insertion_sort, 0.384627, 20000
shell_sort, 0.00457258, 20000
quick_sort, 0.00227585, 20000
merge_sort, 0.00645199, 20000
bubble_sort, 1.61766, 20000
selection_sort, 0.602037, 20000
insertion_sort, 0.42512, 20000
shell_sort, 0.00488643, 20000
quick_sort, 0.00252273, 20000
merge_sort, 0.00641066, 20000
bubble_sort, 2.02791, 20000
selection_sort, 0.762785, 20000
insertion_sort, 0.568463, 20000
shell_sort, 0.00586112, 20000
quick_sort, 0.00277896, 20000
merge_sort, 0.00645424, 20000
bubble_sort, 4.60635, 30000
selection_sort, 1.74211, 30000
insertion_sort, 1.26445, 30000
shell_sort, 0.0090801, 30000
quick_sort, 0.00420679, 30000
merge_sort, 0.0145066, 30000
bubble_sort, 4.57931, 30000
selection_sort, 1.32106, 30000
insertion_sort, 1.05889, 30000
shell_sort, 0.00869605, 30000
quick_sort, 0.00421797, 30000
merge_sort, 0.0144278, 30000
bubble_sort, 4.55564, 30000
selection_sort, 1.7084, 30000
insertion_sort, 1.26625, 30000
shell_sort, 0.00895035, 30000
quick_sort, 0.00429019, 30000
merge_sort, 0.0145043, 30000
bubble_sort, 8.11488, 40000
selection_sort, 3.06463, 40000
insertion_sort, 2.21458, 40000
shell_sort, 0.0131672, 40000
quick_sort, 0.00586547, 40000
merge_sort, 0.0235077, 40000
bubble_sort, 6.77607, 40000
selection_sort, 2.20972, 40000
insertion_sort, 1.53552, 40000
shell_sort, 0.0101665, 40000
quick_sort, 0.00492103, 40000
merge_sort, 0.0223911, 40000
bubble_sort, 5.92519, 40000
selection_sort, 2.21086, 40000
insertion_sort, 1.54208, 40000
shell_sort, 0.0104762, 40000
quick_sort, 0.00492542, 40000
merge_sort, 0.0223852, 40000
bubble_sort, 9.30843, 50000
selection_sort, 3.4561, 50000
insertion_sort, 2.40062, 50000
shell_sort, 0.0133183, 50000
quick_sort, 0.00629567, 50000
merge_sort, 0.0333856, 50000
bubble_sort, 9.30353, 50000
selection_sort, 3.45437, 50000
insertion_sort, 2.42179, 50000
shell_sort, 0.0132954, 50000
quick_sort, 0.00624811, 50000
merge_sort, 0.0333578, 50000
bubble_sort, 9.27439, 50000
selection_sort, 3.46134, 50000
insertion_sort, 2.38587, 50000
shell_sort, 0.0133217, 50000
quick_sort, 0.0066548, 50000
merge_sort, 0.0333055, 50000
bubble_sort, 13.4303, 60000
selection_sort, 6.35733, 60000
insertion_sort, 5.02277, 60000
shell_sort, 0.0196877, 60000
quick_sort, 0.00851355, 60000
merge_sort, 0.0488439, 60000
bubble_sort, 17.8962, 60000
selection_sort, 6.81873, 60000
insertion_sort, 4.90582, 60000
shell_sort, 0.0201085, 60000
quick_sort, 0.00849601, 60000
merge_sort, 0.0491172, 60000
bubble_sort, 17.5868, 60000
selection_sort, 6.71061, 60000
insertion_sort, 3.52022, 60000
shell_sort, 0.0159193, 60000
quick_sort, 0.00749286, 60000
merge_sort, 0.0475393, 60000
bubble_sort, 18.3051, 70000
selection_sort, 6.76527, 70000
insertion_sort, 4.74692, 70000
shell_sort, 0.019057, 70000
quick_sort, 0.00881221, 70000
merge_sort, 0.0642391, 70000
bubble_sort, 18.2749, 70000
selection_sort, 6.7663, 70000
insertion_sort, 4.70921, 70000
shell_sort, 0.0189795, 70000
quick_sort, 0.00903218, 70000
merge_sort, 0.0640188, 70000
bubble_sort, 18.2558, 70000
selection_sort, 6.76638, 70000
insertion_sort, 4.7124, 70000
shell_sort, 0.0194864, 70000
quick_sort, 0.00977379, 70000
merge_sort, 0.0640502, 70000
bubble_sort, 23.8547, 80000
selection_sort, 8.83717, 80000
insertion_sort, 6.15391, 80000
shell_sort, 0.0231926, 80000
quick_sort, 0.0103443, 80000
merge_sort, 0.0832956, 80000
bubble_sort, 23.9036, 80000
selection_sort, 8.83573, 80000
insertion_sort, 6.18325, 80000
shell_sort, 0.0241051, 80000
quick_sort, 0.0102785, 80000
merge_sort, 0.0835375, 80000
bubble_sort, 23.9463, 80000
selection_sort, 8.85366, 80000
insertion_sort, 6.25299, 80000
shell_sort, 0.0231409, 80000
quick_sort, 0.0104016, 80000
merge_sort, 0.0835346, 80000
bubble_sort, 30.3325, 90000
selection_sort, 11.2033, 90000
insertion_sort, 8.55196, 90000
shell_sort, 0.0288493, 90000
quick_sort, 0.0133184, 90000
merge_sort, 0.103373, 90000
bubble_sort, 30.2635, 90000
selection_sort, 11.2006, 90000
insertion_sort, 7.89677, 90000
shell_sort, 0.0267836, 90000
quick_sort, 0.0116131, 90000
merge_sort, 0.102301, 90000
bubble_sort, 30.2911, 90000
selection_sort, 11.1989, 90000
insertion_sort, 8.3045, 90000
shell_sort, 0.0278932, 90000
quick_sort, 0.0128977, 90000
merge_sort, 0.103516, 90000
bubble_sort, 37.443, 100000
selection_sort, 13.8049, 100000
insertion_sort, 9.64009, 100000
shell_sort, 0.0292137, 100000
quick_sort, 0.013675, 100000
merge_sort, 0.126929, 100000
bubble_sort, 37.3172, 100000
selection_sort, 13.8011, 100000
insertion_sort, 9.64351, 100000
shell_sort, 0.0299215, 100000
quick_sort, 0.0130713, 100000
merge_sort, 0.126248, 100000
bubble_sort, 37.2611, 100000
selection_sort, 13.8035, 100000
insertion_sort, 9.5931, 100000
shell_sort, 0.029215, 100000
quick_sort, 0.0132385, 100000
merge_sort, 0.127182, 100000
bubble_sort, 204.367, 200000
selection_sort, 77.1173, 200000
insertion_sort, 55.2919, 200000
shell_sort, 0.085735, 200000
quick_sort, 0.0339573, 200000
merge_sort, 0.519129, 200000
bubble_sort, 204.966, 200000
selection_sort, 77.341, 200000
insertion_sort, 55.3091, 200000
shell_sort, 0.0860397, 200000
quick_sort, 0.0334333, 200000
merge_sort, 0.518836, 200000
bubble_sort, 190.943, 200000
selection_sort, 72.9196, 200000
insertion_sort, 55.3413, 200000
shell_sort, 0.0840861, 200000
quick_sort, 0.0333587, 200000
merge_sort, 0.512995, 200000
bubble_sort, 450.02, 300000
selection_sort, 162.703, 300000
insertion_sort, 119.827, 300000
shell_sort, 0.131944, 300000
quick_sort, 0.0537186, 300000
merge_sort, 1.15249, 300000
bubble_sort, 453.646, 300000
selection_sort, 174.73, 300000
insertion_sort, 124.825, 300000
shell_sort, 0.130735, 300000
quick_sort, 0.0524136, 300000
merge_sort, 1.15054, 300000
bubble_sort, 448.271, 300000
selection_sort, 173.7, 300000
insertion_sort, 126.199, 300000
shell_sort, 0.132546, 300000
quick_sort, 0.0516044, 300000
merge_sort, 1.14907, 300000
bubble_sort, 816.816, 400000
selection_sort, 297.761, 400000
insertion_sort, 178.939, 400000
shell_sort, 0.16325, 400000
quick_sort, 0.0686396, 400000
merge_sort, 2.02753, 400000
bubble_sort, 816.852, 400000
selection_sort, 308.694, 400000
insertion_sort, 223.89, 400000
shell_sort, 0.196997, 400000
quick_sort, 0.0724502, 400000
merge_sort, 2.03293, 400000
bubble_sort, 810.022, 400000
selection_sort, 309.377, 400000
insertion_sort, 224.832, 400000
shell_sort, 0.193635, 400000
quick_sort, 0.0708684, 400000
merge_sort, 2.03384, 400000
bubble_sort, 1267.53, 500000
selection_sort, 481.952, 500000
insertion_sort, 340.959, 500000
shell_sort, 0.248266, 500000
quick_sort, 0.0925177, 500000
merge_sort, 3.20236, 500000
bubble_sort, 1270.78, 500000
selection_sort, 481.267, 500000
insertion_sort, 350.895, 500000
shell_sort, 0.234874, 500000
quick_sort, 0.0900052, 500000
merge_sort, 3.20126, 500000
bubble_sort, 1122.08, 500000
selection_sort, 482.321, 500000
insertion_sort, 331.436, 500000
shell_sort, 0.249819, 500000
quick_sort, 0.0929638, 500000
merge_sort, 3.19905, 500000
bubble_sort, 1682.94, 600000
selection_sort, 697.243, 600000
insertion_sort, 509.517, 600000
shell_sort, 0.315193, 600000
quick_sort, 0.11437, 600000
merge_sort, 4.60487, 600000
bubble_sort, 1662.57, 600000
selection_sort, 694.478, 600000
insertion_sort, 412.856, 600000
shell_sort, 0.256462, 600000
quick_sort, 0.102276, 600000
merge_sort, 4.58707, 600000
bubble_sort, 1570.64, 600000
selection_sort, 664.886, 600000
insertion_sort, 507.175, 600000
shell_sort, 0.296618, 600000
quick_sort, 0.111681, 600000
merge_sort, 4.60036, 600000
bubble_sort, 2137.19, 700000
selection_sort, 863.766, 700000
insertion_sort, 678.86, 700000
shell_sort, 0.36731, 700000
quick_sort, 0.132817, 700000
merge_sort, 6.21841, 700000
bubble_sort, 2358.85, 700000
selection_sort, 944.012, 700000
insertion_sort, 673.728, 700000
shell_sort, 0.295938, 700000
quick_sort, 0.121118, 700000
merge_sort, 6.19699, 700000
bubble_sort, 2291.83, 700000
selection_sort, 943.109, 700000
insertion_sort, 587.174, 700000
shell_sort, 0.29151, 700000
quick_sort, 0.11789, 700000
merge_sort, 6.19965, 700000
bubble_sort, 2626.24, 800000
selection_sort, 1178.59, 800000
insertion_sort, 771.768, 800000
shell_sort, 0.353947, 800000
quick_sort, 0.129763, 800000
merge_sort, 8.12589, 800000
bubble_sort, 2593.78, 800000
selection_sort, 1200.75, 800000
insertion_sort, 729.364, 800000
shell_sort, 0.370642, 800000
quick_sort, 0.140577, 800000
merge_sort, 8.03183, 800000
bubble_sort, 3767.83, 900000
selection_sort, 1545.81, 900000
insertion_sort, 1119.99, 900000
shell_sort, 0.495776, 900000
quick_sort, 0.178492, 900000
merge_sort, 10.3374, 900000
bubble_sort, 3340.66, 900000
selection_sort, 1480.95, 900000
insertion_sort, 1025.34, 900000
shell_sort, 0.407338, 900000
quick_sort, 0.163477, 900000
merge_sort, 10.2594, 900000
selection_sort, 1545.24, 900000
insertion_sort, 960.97, 900000
shell_sort, 0.397578, 900000
quick_sort, 0.152315, 900000
merge_sort, 10.8746, 900000
bubble_sort, 4380.52, 1000000
selection_sort, 1876.5, 1000000
insertion_sort, 1231.45, 1000000
shell_sort, 0.451705, 1000000
quick_sort, 0.178144, 1000000
merge_sort, 12.8317, 1000000
bubble_sort, 4478.72, 1000000
selection_sort, 1824.27, 1000000
insertion_sort, 1235.93, 1000000
shell_sort, 0.556537, 1000000
quick_sort, 0.192313, 1000000
merge_sort, 12.7176, 1000000
bubble_sort, 4052.73, 1000000
selection_sort, 1842.1, 1000000
insertion_sort, 1212.3, 1000000
shell_sort, 0.555261, 1000000
quick_sort, 0.17567, 1000000
merge_sort, 12.5877, 1000000
